albuquerque,"https://www.redfin.com/stingray/api/gis-csv?al=3&has_att_fiber=false&has_deal=false&has_dishwasher=false&has_laundry_facility=false&has_laundry_hookups=false&has_parking=false&has_pool=false&has_short_term_lease=false&include_pending_homes=false&isRentals=false&is_furnished=false&is_income_restricted=false&is_senior_living=false&market=newmexico&num_homes=350&ord=redfin-recommended-asc&page_number=1&pool=false&region_id=513&region_type=6&sf=1,2,3,5,6,7&status=9&travel_with_traffic=false&travel_within_region=false&uipt=1,2,3,4,5,6,7,8&utilities_included=false&v=8"
alexandria,"https://www.redfin.com/stingray/api/gis-csv?al=3&has_att_fiber=false&has_deal=false&has_dishwasher=false&has_laundry_facility=false&has_laundry_hookups=false&has_parking=false&has_pool=false&has_short_term_lease=false&include_pending_homes=false&isRentals=false&is_furnished=false&is_income_restricted=false&is_senior_living=false&market=dc&num_homes=350&ord=redfin-recommended-asc&page_number=1&pool=false&region_id=250&region_type=6&sf=1,2,3,5,6,7&status=9&travel_with_traffic=false&travel_within_region=false&uipt=1,2,3,4,5,6,7,8&utilities_included=false&v=8"
anchorage,"https://www.redfin.com/stingray/api/gis-csv?al=3&has_att_fiber=false&has_deal=false&has_dishwasher=false&has_laundry_facility=false&has_laundry_hookups=false&has_parking=false&has_pool=false&has_short_term_lease=false&include_pending_homes=false&isRentals=false&is_furnished=false&is_income_restricted=false&is_senior_living=false&market=anchorage&num_homes=350&ord=redfin-recommended-asc&page_number=1&pool=false&region_id=781&region_type=6&sf=1,2,3,5,6,7&status=9&travel_with_traffic=false&travel_within_region=false&uipt=1,2,3,4,5,6,7,8&utilities_included=false&v=8"
arlington,"https://www.redfin.com/stingray/api/gis-csv?al=3&has_att_fiber=false&has_deal=false&has_dishwasher=false&has_laundry_facility=false&has_laundry_hookups=false&has_parking=false&has_pool=false&has_short_term_lease=false&include_pending_homes=false&isRentals=false&is_furnished=false&is_income_restricted=false&is_senior_living=false&market=dc&num_homes=350&ord=redfin-recommended-asc&page_number=1&pool=false&region_id=21282&region_type=6&sf=1,2,3,5,6,7&status=9&travel_with_traffic=false&travel_within_region=false&uipt=1,2,3,4,5,6,7,8&utilities_included=false&v=8"
ashburn,"https://www.redfin.com/stingray/api/gis-csv?al=3&has_att_fiber=false&has_deal=false&has_dishwasher=false&has_laundry_facility=false&has_laundry_hookups=false&has_parking=false&has_pool=false&has_short_term_lease=false&include_pending_homes=false&isRentals=false&is_furnished=false&is_income_restricted=false&is_senior_living=false&market=dc&num_homes=350&ord=redfin-recommended-asc&page_number=1&pool=false&region_id=29015&region_type=6&sf=1,2,3,5,6,7&status=9&travel_with_traffic=false&travel_within_region=false&uipt=1,2,3,4,5,6,7,8&utilities_included=false&v=8"
aurora,"https://www.redfin.com/stingray/api/gis-csv?al=3&has_att_fiber=false&has_deal=false&has_dishwasher=false&has_laundry_facility=false&has_laundry_hookups=false&has_parking=false&has_pool=false&has_short_term_lease=false&include_pending_homes=false&isRentals=false&is_furnished=false&is_income_restricted=false&is_senior_living=false&market=chicago&num_homes=350&ord=redfin-recommended-asc&page_number=1&pool=false&region_id=29459&region_type=6&sf=1,2,5,6,7&status=9&travel_with_traffic=false&travel_within_region=false&uipt=1,2,3,4,5,6,7,8&utilities_included=false&v=8"
bakersfield,"https://www.redfin.com/stingray/api/gis-csv?al=3&has_att_fiber=false&has_deal=false&has_dishwasher=false&has_laundry_facility=false&has_laundry_hookups=false&has_parking=false&has_pool=false&has_short_term_lease=false&include_pending_homes=false&isRentals=false&is_furnished=false&is_income_restricted=false&is_senior_living=false&market=socal&num_homes=350&ord=redfin-recommended-asc&page_number=1&pool=false&region_id=953&region_type=6&sf=1,2,3,5,6,7&status=9&travel_with_traffic=false&travel_within_region=false&uipt=1,2,3,4,5,6,7,8&utilities_included=false&v=8"
baltimore,"https://www.redfin.com/stingray/api/gis-csv?al=3&has_att_fiber=false&has_deal=false&has_dishwasher=false&has_laundry_facility=false&has_laundry_hookups=false&has_parking=false&has_pool=false&has_short_term_lease=false&include_pending_homes=false&isRentals=false&is_furnished=false&is_income_restricted=false&is_senior_living=false&market=dc&num_homes=350&ord=redfin-recommended-asc&page_number=1&pool=false&region_id=1073&region_type=6&sf=1,2,3,5,6,7&status=9&travel_with_traffic=false&travel_within_region=false&uipt=1,2,3,4,5,6,7,8&utilities_included=false&v=8"
baton_rouge,"https://www.redfin.com/stingray/api/gis-csv?al=3&has_att_fiber=false&has_deal=false&has_dishwasher=false&has_laundry_facility=false&has_laundry_hookups=false&has_parking=false&has_pool=false&has_short_term_lease=false&include_pending_homes=false&isRentals=false&is_furnished=false&is_income_restricted=false&is_senior_living=false&market=louisiana&num_homes=350&ord=redfin-recommended-asc&page_number=1&pool=false&region_id=1336&region_type=6&sf=1,2,3,5,6,7&status=9&travel_with_traffic=false&travel_within_region=false&uipt=1,2,3,4,5,6,7,8&utilities_included=false&v=8"
beaverton,"https://www.redfin.com/stingray/api/gis-csv?al=3&has_att_fiber=false&has_deal=false&has_dishwasher=false&has_laundry_facility=false&has_laundry_hookups=false&has_parking=false&has_pool=false&has_short_term_lease=false&include_pending_homes=false&isRentals=false&is_furnished=false&is_income_restricted=false&is_senior_living=false&market=oregon&num_homes=350&ord=redfin-recommended-asc&page_number=1&pool=false&region_id=1432&region_type=6&sf=1,2,3,5,6,7&status=9&travel_with_traffic=false&travel_within_region=false&uipt=1,2,3,4,5,6,7,8&utilities_included=false&v=8"
bend,"https://www.redfin.com/stingray/api/gis-csv?al=3&has_att_fiber=false&has_deal=false&has_dishwasher=false&has_laundry_facility=false&has_laundry_hookups=false&has_parking=false&has_pool=false&has_short_term_lease=false&include_pending_homes=false&isRentals=false&is_furnished=false&is_income_restricted=false&is_senior_living=false&market=oregon&num_homes=350&ord=redfin-recommended-asc&page_number=1&pool=false&region_id=1543&region_type=6&sf=1,2,3,5,6,7&status=9&travel_with_traffic=false&travel_within_region=false&uipt=1,2,3,4,5,6,7,8&utilities_included=false&v=8"
birmingham,"https://www.redfin.com/stingray/api/gis-csv?al=3&has_att_fiber=false&has_deal=false&has_dishwasher=false&has_laundry_facility=false&has_laundry_hookups=false&has_parking=false&has_pool=false&has_short_term_lease=false&include_pending_homes=false&isRentals=false&is_furnished=false&is_income_restricted=false&is_senior_living=false&market=alabama&num_homes=350&ord=redfin-recommended-asc&page_number=1&pool=false&region_id=1823&region_type=6&sf=1,2,3,5,6,7&status=9&travel_with_traffic=false&travel_within_region=false&uipt=1,2,3,4,5,6,7,8&utilities_included=false&v=8"
boca_raton,"https://www.redfin.com/stingray/api/gis-csv?al=3&has_att_fiber=false&has_deal=false&has_dishwasher=false&has_laundry_facility=false&has_laundry_hookups=false&has_parking=false&has_pool=false&has_short_term_lease=false&include_pending_homes=false&isRentals=false&is_furnished=false&is_income_restricted=false&is_senior_living=false&market=florida&num_homes=350&ord=redfin-recommended-asc&page_number=1&pool=false&region_id=1903&region_type=6&sf=1,2,3,5,6,7&status=9&travel_with_traffic=false&travel_within_region=false&uipt=1,2,3,4,5,6,7,8&utilities_included=false&v=8"
boise,"https://www.redfin.com/stingray/api/gis-csv?al=3&has_att_fiber=false&has_deal=false&has_dishwasher=false&has_laundry_facility=false&has_laundry_hookups=false&has_parking=false&has_pool=false&has_short_term_lease=false&include_pending_homes=false&isRentals=false&is_furnished=false&is_income_restricted=false&is_senior_living=false&market=boise&num_homes=350&ord=redfin-recommended-asc&page_number=1&pool=false&region_id=2287&region_type=6&sf=1,2,3,5,6,7&status=9&travel_with_traffic=false&travel_within_region=false&uipt=1,2,3,4,5,6,7,8&utilities_included=false&v=8"
boston,"https://www.redfin.com/stingray/api/gis-csv?al=3&has_att_fiber=false&has_deal=false&has_dishwasher=false&has_laundry_facility=false&has_laundry_hookups=false&has_parking=false&has_pool=false&has_short_term_lease=false&include_pending_homes=false&isRentals=false&is_furnished=false&is_income_restricted=false&is_senior_living=false&market=boston&num_homes=350&ord=redfin-recommended-asc&page_number=1&pool=false&region_id=1826&region_type=6&sf=1,2,3,5,6,7&status=9&travel_with_traffic=false&travel_within_region=false&uipt=1,2,3,4,5,6,7,8&utilities_included=false&v=8"
bowie,"https://www.redfin.com/stingray/api/gis-csv?al=3&has_att_fiber=false&has_deal=false&has_dishwasher=false&has_laundry_facility=false&has_laundry_hookups=false&has_parking=false&has_pool=false&has_short_term_lease=false&include_pending_homes=false&isRentals=false&is_furnished=false&is_income_restricted=false&is_senior_living=false&market=dc&num_homes=350&ord=redfin-recommended-asc&page_number=1&pool=false&region_id=2277&region_type=6&sf=1,2,3,5,6,7&status=9&travel_with_traffic=false&travel_within_region=false&uipt=1,2,3,4,5,6,7,8&utilities_included=false&v=8"
brentwood,"https://www.redfin.com/stingray/api/gis-csv?al=3&has_att_fiber=false&has_deal=false&has_dishwasher=false&has_laundry_facility=false&has_laundry_hookups=false&has_parking=false&has_pool=false&has_short_term_lease=false&include_pending_homes=false&isRentals=false&is_furnished=false&is_income_restricted=false&is_senior_living=false&market=sanfrancisco&num_homes=350&ord=redfin-recommended-asc&page_number=1&pool=false&region_id=2112&region_type=6&sf=1,2,3,5,6,7&status=9&travel_with_traffic=false&travel_within_region=false&uipt=1,2,3,4,5,6,7,8&utilities_included=false&v=8"
buffalo,"https://www.redfin.com/stingray/api/gis-csv?al=3&has_att_fiber=false&has_deal=false&has_dishwasher=false&has_laundry_facility=false&has_laundry_hookups=false&has_parking=false&has_pool=false&has_short_term_lease=false&include_pending_homes=false&isRentals=false&is_furnished=false&is_income_restricted=false&is_senior_living=false&market=westernnewyork&num_homes=350&ord=redfin-recommended-asc&page_number=1&pool=false&region_id=2832&region_type=6&sf=1,2,3,5,6,7&status=9&travel_with_traffic=false&travel_within_region=false&uipt=1,2,3,4,5,6,7,8&utilities_included=false&v=8"
burlington,"https://www.redfin.com/stingray/api/gis-csv?al=3&has_att_fiber=false&has_deal=false&has_dishwasher=false&has_laundry_facility=false&has_laundry_hookups=false&has_parking=false&has_pool=false&has_short_term_lease=false&include_pending_homes=false&isRentals=false&is_furnished=false&is_income_restricted=false&is_senior_living=false&market=northernnewengland&num_homes=350&ord=redfin-recommended-asc&page_number=1&pool=false&region_id=2749&region_type=6&sf=1,2,3,5,6,7&status=9&travel_with_traffic=false&travel_within_region=false&uipt=1,2,3,4,5,6,7,8&utilities_included=false&v=8"
cape_coral,"https://www.redfin.com/stingray/api/gis-csv?al=3&has_att_fiber=false&has_deal=false&has_dishwasher=false&has_laundry_facility=false&has_laundry_hookups=false&has_parking=false&has_pool=false&has_short_term_lease=false&include_pending_homes=false&isRentals=false&is_furnished=false&is_income_restricted=false&is_senior_living=false&market=southwestflorida&num_homes=350&ord=redfin-recommended-asc&page_number=1&pool=false&region_id=2654&region_type=6&sf=1,2,3,5,6,7&status=9&travel_with_traffic=false&travel_within_region=false&uipt=1,2,3,4,5,6,7,8&utilities_included=false&v=8"
chandler,"https://www.redfin.com/stingray/api/gis-csv?al=3&has_att_fiber=false&has_deal=false&has_dishwasher=false&has_laundry_facility=false&has_laundry_hookups=false&has_parking=false&has_pool=false&has_short_term_lease=false&include_pending_homes=false&isRentals=false&is_furnished=false&is_income_restricted=false&is_senior_living=false&market=phoenix&num_homes=350&ord=redfin-recommended-asc&page_number=1&pool=false&region_id=3104&region_type=6&sf=1,2,3,5,6,7&status=9&travel_with_traffic=false&travel_within_region=false&uipt=1,2,3,4,5,6,7,8&utilities_included=false&v=8"
charleston,"https://www.redfin.com/stingray/api/gis-csv?al=3&has_att_fiber=false&has_deal=false&has_dishwasher=false&has_laundry_facility=false&has_laundry_hookups=false&has_parking=false&has_pool=false&has_short_term_lease=false&include_pending_homes=false&isRentals=false&is_furnished=false&is_income_restricted=false&is_senior_living=false&market=south-carolina&num_homes=350&ord=redfin-recommended-asc&page_number=1&pool=false&region_id=3478&region_type=6&sf=1,2,5,6,7&status=1&travel_with_traffic=false&travel_within_region=false&uipt=1,2,3,4,5,6,7,8&utilities_included=false&v=8"
charlotte,"https://www.redfin.com/stingray/api/gis-csv?al=3&has_att_fiber=false&has_deal=false&has_dishwasher=false&has_laundry_facility=false&has_laundry_hookups=false&has_parking=false&has_pool=false&has_short_term_lease=false&include_pending_homes=false&isRentals=false&is_furnished=false&is_income_restricted=false&is_senior_living=false&market=north-carolina&num_homes=350&ord=redfin-recommended-asc&page_number=1&pool=false&region_id=3105&region_type=6&sf=1,2,5,6,7&status=9&travel_with_traffic=false&travel_within_region=false&uipt=1,2,3,4,5,6,7,8&utilities_included=false&v=8"
chattanooga,"https://www.redfin.com/stingray/api/gis-csv?al=3&has_att_fiber=false&has_deal=false&has_dishwasher=false&has_laundry_facility=false&has_laundry_hookups=false&has_parking=false&has_pool=false&has_short_term_lease=false&include_pending_homes=false&isRentals=false&is_furnished=false&is_income_restricted=false&is_senior_living=false&market=chattanooga&num_homes=350&ord=redfin-recommended-asc&page_number=1&pool=false&region_id=3641&region_type=6&sf=1,2,3,5,6,7&status=9&travel_with_traffic=false&travel_within_region=false&uipt=1,2,3,4,5,6,7,8&utilities_included=false&v=8"
chicago,"https://www.redfin.com/stingray/api/gis-csv?al=3&has_att_fiber=false&has_deal=false&has_dishwasher=false&has_laundry_facility=false&has_laundry_hookups=false&has_parking=false&has_pool=false&has_short_term_lease=false&include_pending_homes=false&isRentals=false&is_furnished=false&is_income_restricted=false&is_senior_living=false&market=chicago&num_homes=350&ord=redfin-recommended-asc&page_number=1&pool=false&region_id=29470&region_type=6&sf=1,2,5,6,7&status=9&travel_with_traffic=false&travel_within_region=false&uipt=1,2,3,4,5,6,7,8&utilities_included=false&v=8"
cincinnati,"https://www.redfin.com/stingray/api/gis-csv?al=3&has_att_fiber=false&has_deal=false&has_dishwasher=false&has_laundry_facility=false&has_laundry_hookups=false&has_parking=false&has_pool=false&has_short_term_lease=false&include_pending_homes=false&isRentals=false&is_furnished=false&is_income_restricted=false&is_senior_living=false&market=ohio&num_homes=350&ord=redfin-recommended-asc&page_number=1&pool=false&region_id=3879&region_type=6&sf=1,2,5,6,7&status=9&travel_with_traffic=false&travel_within_region=false&uipt=1,2,3,4,5,6,7,8&utilities_included=false&v=8"
columbia,"https://www.redfin.com/stingray/api/gis-csv?al=3&has_att_fiber=false&has_deal=false&has_dishwasher=false&has_laundry_facility=false&has_laundry_hookups=false&has_parking=false&has_pool=false&has_short_term_lease=false&include_pending_homes=false&isRentals=false&is_furnished=false&is_income_restricted=false&is_senior_living=false&market=dc&num_homes=350&ord=redfin-recommended-asc&page_number=1&pool=false&region_id=22307&region_type=6&sf=1,2,3,5,6,7&status=9&travel_with_traffic=false&travel_within_region=false&uipt=1,2,3,4,5,6,7,8&utilities_included=false&v=8"
columbus,"https://www.redfin.com/stingray/api/gis-csv?al=3&has_att_fiber=false&has_deal=false&has_dishwasher=false&has_laundry_facility=false&has_laundry_hookups=false&has_parking=false&has_pool=false&has_short_term_lease=false&include_pending_homes=false&isRentals=false&is_furnished=false&is_income_restricted=false&is_senior_living=false&market=ohio&num_homes=350&ord=redfin-recommended-asc&page_number=1&pool=false&region_id=4664&region_type=6&sf=1,2,5,6,7&status=9&travel_with_traffic=false&travel_within_region=false&uipt=1,2,3,4,5,6,7,8&utilities_included=false&v=8"
dallas,"https://www.redfin.com/stingray/api/gis-csv?al=3&has_att_fiber=false&has_deal=false&has_dishwasher=false&has_laundry_facility=false&has_laundry_hookups=false&has_parking=false&has_pool=false&has_short_term_lease=false&include_pending_homes=false&isRentals=false&is_furnished=false&is_income_restricted=false&is_senior_living=false&market=dallas&num_homes=350&ord=redfin-recommended-asc&page_number=1&pool=false&region_id=30794&region_type=6&sf=1,2,3,5,6,7&status=9&travel_with_traffic=false&travel_within_region=false&uipt=1,2,3,4,5,6,7,8&utilities_included=false&v=8"
des_moines,"https://www.redfin.com/stingray/api/gis-csv?al=3&has_att_fiber=false&has_deal=false&has_dishwasher=false&has_laundry_facility=false&has_laundry_hookups=false&has_parking=false&has_pool=false&has_short_term_lease=false&include_pending_homes=false&isRentals=false&is_furnished=false&is_income_restricted=false&is_senior_living=false&market=desmoines&num_homes=350&ord=redfin-recommended-asc&page_number=1&pool=false&region_id=5415&region_type=6&sf=1,2,3,5,6,7&status=9&travel_with_traffic=false&travel_within_region=false&uipt=1,2,3,4,5,6,7,8&utilities_included=false&v=8"
detroit,"https://www.redfin.com/stingray/api/gis-csv?al=3&has_att_fiber=false&has_deal=false&has_dishwasher=false&has_laundry_facility=false&has_laundry_hookups=false&has_parking=false&has_pool=false&has_short_term_lease=false&include_pending_homes=false&isRentals=false&is_furnished=false&is_income_restricted=false&is_senior_living=false&market=detroit&num_homes=350&ord=redfin-recommended-asc&page_number=1&pool=false&region_id=5665&region_type=6&sf=1,2,3,5,6,7&status=9&travel_with_traffic=false&travel_within_region=false&uipt=1,2,3,4,5,6,7,8&utilities_included=false&v=8"
el_paso,"https://www.redfin.com/stingray/api/gis-csv?al=3&has_att_fiber=false&has_deal=false&has_dishwasher=false&has_laundry_facility=false&has_laundry_hookups=false&has_parking=false&has_pool=false&has_short_term_lease=false&include_pending_homes=false&isRentals=false&is_furnished=false&is_income_restricted=false&is_senior_living=false&market=elpaso&num_homes=350&ord=redfin-recommended-asc&page_number=1&pool=false&region_id=6171&region_type=6&sf=1,2,3,5,6,7&status=9&travel_with_traffic=false&travel_within_region=false&uipt=1,2,3,4,5,6,7,8&utilities_included=false&v=8"
eugene,"https://www.redfin.com/stingray/api/gis-csv?al=3&has_att_fiber=false&has_deal=false&has_dishwasher=false&has_laundry_facility=false&has_laundry_hookups=false&has_parking=false&has_pool=false&has_short_term_lease=false&include_pending_homes=false&isRentals=false&is_furnished=false&is_income_restricted=false&is_senior_living=false&market=oregon&num_homes=350&ord=redfin-recommended-asc&page_number=1&pool=false&region_id=6142&region_type=6&sf=1,2,3,5,6,7&status=9&travel_with_traffic=false&travel_within_region=false&uipt=1,2,3,4,5,6,7,8&utilities_included=false&v=8"
fairfax,"https://www.redfin.com/stingray/api/gis-csv?al=3&has_att_fiber=false&has_deal=false&has_dishwasher=false&has_laundry_facility=false&has_laundry_hookups=false&has_parking=false&has_pool=false&has_short_term_lease=false&include_pending_homes=false&isRentals=false&is_furnished=false&is_income_restricted=false&is_senior_living=false&market=dc&num_homes=350&ord=redfin-recommended-asc&page_number=1&pool=false&region_id=6790&region_type=6&sf=1,2,3,5,6,7&status=9&travel_with_traffic=false&travel_within_region=false&uipt=1,2,3,4,5,6,7,8&utilities_included=false&v=8"
flagstaff,"https://www.redfin.com/stingray/api/gis-csv?al=3&has_att_fiber=false&has_deal=false&has_dishwasher=false&has_laundry_facility=false&has_laundry_hookups=false&has_parking=false&has_pool=false&has_short_term_lease=false&include_pending_homes=false&isRentals=false&is_furnished=false&is_income_restricted=false&is_senior_living=false&market=flagstaff&num_homes=350&ord=redfin-recommended-asc&page_number=1&pool=false&region_id=6089&region_type=6&sf=1,2,3,5,6,7&status=9&travel_with_traffic=false&travel_within_region=false&uipt=1,2,3,4,5,6,7,8&utilities_included=false&v=8"
fort_lauderdale,"https://www.redfin.com/stingray/api/gis-csv?al=3&has_att_fiber=false&has_deal=false&has_dishwasher=false&has_laundry_facility=false&has_laundry_hookups=false&has_parking=false&has_pool=false&has_short_term_lease=false&include_pending_homes=false&isRentals=false&is_furnished=false&is_income_restricted=false&is_senior_living=false&market=florida&num_homes=350&ord=redfin-recommended-asc&page_number=1&pool=false&region_id=6173&region_type=6&sf=1,2,3,5,6,7&status=9&travel_with_traffic=false&travel_within_region=false&uipt=1,2,3,4,5,6,7,8&utilities_included=false&v=8"
fort_myers,"https://www.redfin.com/stingray/api/gis-csv?al=3&has_att_fiber=false&has_deal=false&has_dishwasher=false&has_laundry_facility=false&has_laundry_hookups=false&has_parking=false&has_pool=false&has_short_term_lease=false&include_pending_homes=false&isRentals=false&is_furnished=false&is_income_restricted=false&is_senior_living=false&market=southwestflorida&num_homes=350&ord=redfin-recommended-asc&page_number=1&pool=false&region_id=6208&region_type=6&sf=1,2,3,5,6,7&status=9&travel_with_traffic=false&travel_within_region=false&uipt=1,2,3,4,5,6,7,8&utilities_included=false&v=8"
fort_worth,"https://www.redfin.com/stingray/api/gis-csv?al=3&has_att_fiber=false&has_deal=false&has_dishwasher=false&has_laundry_facility=false&has_laundry_hookups=false&has_parking=false&has_pool=false&has_short_term_lease=false&include_pending_homes=false&isRentals=false&is_furnished=false&is_income_restricted=false&is_senior_living=false&market=dallas&num_homes=350&ord=redfin-recommended-asc&page_number=1&pool=false&region_id=30827&region_type=6&sf=1,2,3,5,6,7&status=9&travel_with_traffic=false&travel_within_region=false&uipt=1,2,3,4,5,6,7,8&utilities_included=false&v=8"
frederick,"https://www.redfin.com/stingray/api/gis-csv?al=3&has_att_fiber=false&has_deal=false&has_dishwasher=false&has_laundry_facility=false&has_laundry_hookups=false&has_parking=false&has_pool=false&has_short_term_lease=false&include_pending_homes=false&isRentals=false&is_furnished=false&is_income_restricted=false&is_senior_living=false&market=dc&num_homes=350&ord=redfin-recommended-asc&page_number=1&pool=false&region_id=7735&region_type=6&sf=1,2,3,5,6,7&status=9&travel_with_traffic=false&travel_within_region=false&uipt=1,2,3,4,5,6,7,8&utilities_included=false&v=8"
fremont,"https://www.redfin.com/stingray/api/gis-csv?al=3&has_att_fiber=false&has_deal=false&has_dishwasher=false&has_laundry_facility=false&has_laundry_hookups=false&has_parking=false&has_pool=false&has_short_term_lease=false&include_pending_homes=false&isRentals=false&is_furnished=false&is_income_restricted=false&is_senior_living=false&market=sanfrancisco&num_homes=350&ord=redfin-recommended-asc&page_number=1&pool=false&region_id=6671&region_type=6&sf=1,2,3,5,6,7&status=9&travel_with_traffic=false&travel_within_region=false&uipt=1,2,3,4,5,6,7,8&utilities_included=false&v=8"
frisco,"https://www.redfin.com/stingray/api/gis-csv?al=3&has_att_fiber=false&has_deal=false&has_dishwasher=false&has_laundry_facility=false&has_laundry_hookups=false&has_parking=false&has_pool=false&has_short_term_lease=false&include_pending_homes=false&isRentals=false&is_furnished=false&is_income_restricted=false&is_senior_living=false&market=dallas&num_homes=350&ord=redfin-recommended-asc&page_number=1&pool=false&region_id=30844&region_type=6&sf=1,2,3,5,6,7&status=9&travel_with_traffic=false&travel_within_region=false&uipt=1,2,3,4,5,6,7,8&utilities_included=false&v=8"
gilbert,"https://www.redfin.com/stingray/api/gis-csv?al=3&has_att_fiber=false&has_deal=false&has_dishwasher=false&has_laundry_facility=false&has_laundry_hookups=false&has_parking=false&has_pool=false&has_short_term_lease=false&include_pending_homes=false&isRentals=false&is_furnished=false&is_income_restricted=false&is_senior_living=false&market=phoenix&num_homes=350&ord=redfin-recommended-asc&page_number=1&pool=false&region_id=6998&region_type=6&sf=1,2,3,5,6,7&status=9&travel_with_traffic=false&travel_within_region=false&uipt=1,2,3,4,5,6,7,8&utilities_included=false&v=8"
glenview,"https://www.redfin.com/stingray/api/gis-csv?al=3&has_att_fiber=false&has_deal=false&has_dishwasher=false&has_laundry_facility=false&has_laundry_hookups=false&has_parking=false&has_pool=false&has_short_term_lease=false&include_pending_homes=false&isRentals=false&is_furnished=false&is_income_restricted=false&is_senior_living=false&market=chicago&num_homes=350&ord=redfin-recommended-asc&page_number=1&pool=false&region_id=7628&region_type=6&sf=1,2,5,6,7&status=9&travel_with_traffic=false&travel_within_region=false&uipt=1,2,3,4,5,6,7,8&utilities_included=false&v=8"
honolulu,"https://www.redfin.com/stingray/api/gis-csv?al=3&has_att_fiber=false&has_deal=false&has_dishwasher=false&has_laundry_facility=false&has_laundry_hookups=false&has_parking=false&has_pool=false&has_short_term_lease=false&include_pending_homes=false&isRentals=false&is_furnished=false&is_income_restricted=false&is_senior_living=false&market=hawaii&num_homes=350&ord=redfin-recommended-asc&page_number=1&pool=false&region_id=34945&region_type=6&sf=1,2,3,5,6,7&status=9&travel_with_traffic=false&travel_within_region=false&uipt=1,2,3,4,5,6,7,8&utilities_included=false&v=8"
houston,"https://www.redfin.com/stingray/api/gis-csv?al=3&has_att_fiber=false&has_deal=false&has_dishwasher=false&has_laundry_facility=false&has_laundry_hookups=false&has_parking=false&has_pool=false&has_short_term_lease=false&include_pending_homes=false&isRentals=false&is_furnished=false&is_income_restricted=false&is_senior_living=false&market=houston&num_homes=350&ord=redfin-recommended-asc&page_number=1&pool=false&region_id=8903&region_type=6&sf=1,2,3,5,6,7&status=9&travel_with_traffic=false&travel_within_region=false&uipt=1,2,3,4,5,6,7,8&utilities_included=false&v=8"
indianapolis,"https://www.redfin.com/stingray/api/gis-csv?al=3&has_att_fiber=false&has_deal=false&has_dishwasher=false&has_laundry_facility=false&has_laundry_hookups=false&has_parking=false&has_pool=false&has_short_term_lease=false&include_pending_homes=false&isRentals=false&is_furnished=false&is_income_restricted=false&is_senior_living=false&market=indiana&num_homes=350&ord=redfin-recommended-asc&page_number=1&pool=false&region_id=9170&region_type=6&sf=1,2,5,6,7&status=9&travel_with_traffic=false&travel_within_region=false&uipt=1,2,3,4,5,6,7,8&utilities_included=false&v=8"
irvine,"https://www.redfin.com/stingray/api/gis-csv?al=3&has_att_fiber=false&has_deal=false&has_dishwasher=false&has_laundry_facility=false&has_laundry_hookups=false&has_parking=false&has_pool=false&has_short_term_lease=false&include_pending_homes=false&isRentals=false&is_furnished=false&is_income_restricted=false&is_senior_living=false&market=socal&num_homes=350&ord=redfin-recommended-asc&page_number=1&pool=false&region_id=9361&region_type=6&sf=1,2,3,5,6,7&status=9&travel_with_traffic=false&travel_within_region=false&uipt=1,2,3,4,5,6,7,8&utilities_included=false&v=8"
jacksonville,"https://www.redfin.com/stingray/api/gis-csv?al=3&has_att_fiber=false&has_deal=false&has_dishwasher=false&has_laundry_facility=false&has_laundry_hookups=false&has_parking=false&has_pool=false&has_short_term_lease=false&include_pending_homes=false&isRentals=false&is_furnished=false&is_income_restricted=false&is_senior_living=false&market=jacksonville&num_homes=350&ord=redfin-recommended-asc&page_number=1&pool=false&region_id=8907&region_type=6&sf=1,2,3,5,6,7&status=9&travel_with_traffic=false&travel_within_region=false&uipt=1,2,3,4,5,6,7,8&utilities_included=false&v=8"
jersey_city,"https://www.redfin.com/stingray/api/gis-csv?al=3&has_att_fiber=false&has_deal=false&has_dishwasher=false&has_laundry_facility=false&has_laundry_hookups=false&has_parking=false&has_pool=false&has_short_term_lease=false&include_pending_homes=false&isRentals=false&is_furnished=false&is_income_restricted=false&is_senior_living=false&market=newjersey&num_homes=350&ord=redfin-recommended-asc&page_number=1&pool=false&region_id=9168&region_type=6&sf=1,2,3,5,6,7&status=9&travel_with_traffic=false&travel_within_region=false&uipt=1,2,3,4,5,6,7,8&utilities_included=false&v=8"
kansas_city,"https://www.redfin.com/stingray/api/gis-csv?al=3&has_att_fiber=false&has_deal=false&has_dishwasher=false&has_laundry_facility=false&has_laundry_hookups=false&has_parking=false&has_pool=false&has_short_term_lease=false&include_pending_homes=false&isRentals=false&is_furnished=false&is_income_restricted=false&is_senior_living=false&market=kansascity&num_homes=350&ord=redfin-recommended-asc&page_number=1&pool=false&region_id=35751&region_type=6&sf=1,2,3,5,6,7&status=9&travel_with_traffic=false&travel_within_region=false&uipt=1,2,3,4,5,6,7,8&utilities_included=false&v=8"
knoxville,"https://www.redfin.com/stingray/api/gis-csv?al=3&has_att_fiber=false&has_deal=false&has_dishwasher=false&has_laundry_facility=false&has_laundry_hookups=false&has_parking=false&has_pool=false&has_short_term_lease=false&include_pending_homes=false&isRentals=false&is_furnished=false&is_income_restricted=false&is_senior_living=false&market=knoxville&num_homes=350&ord=redfin-recommended-asc&page_number=1&pool=false&region_id=10200&region_type=6&sf=1,2,3,5,6,7&status=9&travel_with_traffic=false&travel_within_region=false&uipt=1,2,3,4,5,6,7,8&utilities_included=false&v=8"
little_rock,"https://www.redfin.com/stingray/api/gis-csv?al=3&has_att_fiber=false&has_deal=false&has_dishwasher=false&has_laundry_facility=false&has_laundry_hookups=false&has_parking=false&has_pool=false&has_short_term_lease=false&include_pending_homes=false&isRentals=false&is_furnished=false&is_income_restricted=false&is_senior_living=false&market=littlerock&num_homes=350&ord=redfin-recommended-asc&page_number=1&pool=false&region_id=10455&region_type=6&sf=1,2,3,5,6,7&status=9&travel_with_traffic=false&travel_within_region=false&uipt=1,2,3,4,5,6,7,8&utilities_included=false&v=8"
long_island,"https://www.redfin.com/stingray/api/gis-csv?al=3&has_att_fiber=false&has_deal=false&has_dishwasher=false&has_laundry_facility=false&has_laundry_hookups=false&has_parking=false&has_pool=false&has_short_term_lease=false&include_pending_homes=false&isRentals=false&is_furnished=false&is_income_restricted=false&is_senior_living=false&market=newyork&num_homes=350&ord=redfin-recommended-asc&page_number=1&pool=false&region_id=219261&region_type=1&sf=1,2,3,5,6,7&status=9&travel_with_traffic=false&travel_within_region=false&uipt=1,2,3,4,5,6,7,8&utilities_included=false&v=8"
los_angeles,"https://www.redfin.com/stingray/api/gis-csv?al=3&has_att_fiber=false&has_deal=false&has_dishwasher=false&has_laundry_facility=false&has_laundry_hookups=false&has_parking=false&has_pool=false&has_short_term_lease=false&include_pending_homes=false&isRentals=false&is_furnished=false&is_income_restricted=false&is_senior_living=false&market=socal&num_homes=350&ord=redfin-recommended-asc&page_number=1&pool=false&region_id=11203&region_type=6&sf=1,2,3,5,6,7&status=9&travel_with_traffic=false&travel_within_region=false&uipt=1,2,3,4,5,6,7,8&utilities_included=false&v=8"
louisville,"https://www.redfin.com/stingray/api/gis-csv?al=3&has_att_fiber=false&has_deal=false&has_dishwasher=false&has_laundry_facility=false&has_laundry_hookups=false&has_parking=false&has_pool=false&has_short_term_lease=false&include_pending_homes=false&isRentals=false&is_furnished=false&is_income_restricted=false&is_senior_living=false&market=louisville&num_homes=350&ord=redfin-recommended-asc&page_number=1&pool=false&region_id=12262&region_type=6&sf=1,2,3,5,6,7&status=9&travel_with_traffic=false&travel_within_region=false&uipt=1,2,3,4,5,6,7,8&utilities_included=false&v=8"
madison,"https://www.redfin.com/stingray/api/gis-csv?al=3&has_att_fiber=false&has_deal=false&has_dishwasher=false&has_laundry_facility=false&has_laundry_hookups=false&has_parking=false&has_pool=false&has_short_term_lease=false&include_pending_homes=false&isRentals=false&is_furnished=false&is_income_restricted=false&is_senior_living=false&market=wisconsin&num_homes=350&ord=redfin-recommended-asc&page_number=1&pool=false&region_id=12257&region_type=6&sf=1,2,5,6,7&status=9&travel_with_traffic=false&travel_within_region=false&uipt=1,2,3,4,5,6,7,8&utilities_included=false&v=8"
manhattan,"https://www.redfin.com/stingray/api/gis-csv?al=3&has_att_fiber=false&has_deal=false&has_dishwasher=false&has_laundry_facility=false&has_laundry_hookups=false&has_parking=false&has_pool=false&has_short_term_lease=false&include_pending_homes=false&isRentals=false&is_furnished=false&is_income_restricted=false&is_senior_living=false&market=newyork&num_homes=350&ord=redfin-recommended-asc&page_number=1&pool=false&region_id=35948&region_type=6&sf=1,2,3,5,6,7&status=9&travel_with_traffic=false&travel_within_region=false&uipt=1,2,3,4,5,6,7,8&utilities_included=false&v=8"
memphis,"https://www.redfin.com/stingray/api/gis-csv?al=3&has_att_fiber=false&has_deal=false&has_dishwasher=false&has_laundry_facility=false&has_laundry_hookups=false&has_parking=false&has_pool=false&has_short_term_lease=false&include_pending_homes=false&isRentals=false&is_furnished=false&is_income_restricted=false&is_senior_living=false&market=memphis&num_homes=350&ord=redfin-recommended-asc&page_number=1&pool=false&region_id=12260&region_type=6&sf=1,2,3,5,6,7&status=9&travel_with_traffic=false&travel_within_region=false&uipt=1,2,3,4,5,6,7,8&utilities_included=false&v=8"
mesa,"https://www.redfin.com/stingray/api/gis-csv?al=3&has_att_fiber=false&has_deal=false&has_dishwasher=false&has_laundry_facility=false&has_laundry_hookups=false&has_parking=false&has_pool=false&has_short_term_lease=false&include_pending_homes=false&isRentals=false&is_furnished=false&is_income_restricted=false&is_senior_living=false&market=phoenix&num_homes=350&ord=redfin-recommended-asc&page_number=1&pool=false&region_id=11736&region_type=6&sf=1,2,3,5,6,7&status=9&travel_with_traffic=false&travel_within_region=false&uipt=1,2,3,4,5,6,7,8&utilities_included=false&v=8"
miami,"https://www.redfin.com/stingray/api/gis-csv?al=3&has_att_fiber=false&has_deal=false&has_dishwasher=false&has_laundry_facility=false&has_laundry_hookups=false&has_parking=false&has_pool=false&has_short_term_lease=false&include_pending_homes=false&isRentals=false&is_furnished=false&is_income_restricted=false&is_senior_living=false&market=florida&num_homes=350&ord=redfin-recommended-asc&page_number=1&pool=false&region_id=11458&region_type=6&sf=1,2,3,5,6,7&status=9&travel_with_traffic=false&travel_within_region=false&uipt=1,2,3,4,5,6,7,8&utilities_included=false&v=8"
milwaukee,"https://www.redfin.com/stingray/api/gis-csv?al=3&has_att_fiber=false&has_deal=false&has_dishwasher=false&has_laundry_facility=false&has_laundry_hookups=false&has_parking=false&has_pool=false&has_short_term_lease=false&include_pending_homes=false&isRentals=false&is_furnished=false&is_income_restricted=false&is_senior_living=false&market=wisconsin&num_homes=350&ord=redfin-recommended-asc&page_number=1&pool=false&region_id=35759&region_type=6&sf=1,2,5,6,7&status=9&travel_with_traffic=false&travel_within_region=false&uipt=1,2,3,4,5,6,7,8&utilities_included=false&v=8"
minneapolis,"https://www.redfin.com/stingray/api/gis-csv?al=3&has_att_fiber=false&has_deal=false&has_dishwasher=false&has_laundry_facility=false&has_laundry_hookups=false&has_parking=false&has_pool=false&has_short_term_lease=false&include_pending_homes=false&isRentals=false&is_furnished=false&is_income_restricted=false&is_senior_living=false&market=twincities&num_homes=350&ord=redfin-recommended-asc&page_number=1&pool=false&region_id=10943&region_type=6&sf=1,2,5,6,7&status=9&travel_with_traffic=false&travel_within_region=false&uipt=1,2,3,4,5,6,7,8&utilities_included=false&v=8"
myrtle_beach,"https://www.redfin.com/stingray/api/gis-csv?al=3&has_att_fiber=false&has_deal=false&has_dishwasher=false&has_laundry_facility=false&has_laundry_hookups=false&has_parking=false&has_pool=false&has_short_term_lease=false&include_pending_homes=false&isRentals=false&is_furnished=false&is_income_restricted=false&is_senior_living=false&market=south-carolina&num_homes=350&ord=redfin-recommended-asc&page_number=1&pool=false&region_id=12572&region_type=6&sf=1,2,5,6,7&status=1&travel_with_traffic=false&travel_within_region=false&uipt=1,2,3,4,5,6,7,8&utilities_included=false&v=8"
naperville,"https://www.redfin.com/stingray/api/gis-csv?al=3&has_att_fiber=false&has_deal=false&has_dishwasher=false&has_laundry_facility=false&has_laundry_hookups=false&has_parking=false&has_pool=false&has_short_term_lease=false&include_pending_homes=false&isRentals=false&is_furnished=false&is_income_restricted=false&is_senior_living=false&market=chicago&num_homes=350&ord=redfin-recommended-asc&page_number=1&pool=false&region_id=29501&region_type=6&sf=1,2,5,6,7&status=9&travel_with_traffic=false&travel_within_region=false&uipt=1,2,3,4,5,6,7,8&utilities_included=false&v=8"
naples,"https://www.redfin.com/stingray/api/gis-csv?al=3&has_att_fiber=false&has_deal=false&has_dishwasher=false&has_laundry_facility=false&has_laundry_hookups=false&has_parking=false&has_pool=false&has_short_term_lease=false&include_pending_homes=false&isRentals=false&is_furnished=false&is_income_restricted=false&is_senior_living=false&market=southwestflorida&num_homes=350&ord=redfin-recommended-asc&page_number=1&pool=false&region_id=12171&region_type=6&sf=1,2,3,5,6,7&status=9&travel_with_traffic=false&travel_within_region=false&uipt=1,2,3,4,5,6,7,8&utilities_included=false&v=8"
nashua,"https://www.redfin.com/stingray/api/gis-csv?al=3&has_att_fiber=false&has_deal=false&has_dishwasher=false&has_laundry_facility=false&has_laundry_hookups=false&has_parking=false&has_pool=false&has_short_term_lease=false&include_pending_homes=false&isRentals=false&is_furnished=false&is_income_restricted=false&is_senior_living=false&market=northernnewengland&num_homes=350&ord=redfin-recommended-asc&page_number=1&pool=false&region_id=12918&region_type=6&sf=1,2,3,5,6,7&status=9&travel_with_traffic=false&travel_within_region=false&uipt=1,2,3,4,5,6,7,8&utilities_included=false&v=8"
nashville,"https://www.redfin.com/stingray/api/gis-csv?al=3&has_att_fiber=false&has_deal=false&has_dishwasher=false&has_laundry_facility=false&has_laundry_hookups=false&has_parking=false&has_pool=false&has_short_term_lease=false&include_pending_homes=false&isRentals=false&is_furnished=false&is_income_restricted=false&is_senior_living=false&market=nashville&num_homes=350&ord=redfin-recommended-asc&page_number=1&pool=false&region_id=13415&region_type=6&sf=1,2,3,5,6,7&status=9&travel_with_traffic=false&travel_within_region=false&uipt=1,2,3,4,5,6,7,8&utilities_included=false&v=8"
new_orleans,"https://www.redfin.com/stingray/api/gis-csv?al=3&has_att_fiber=false&has_deal=false&has_dishwasher=false&has_laundry_facility=false&has_laundry_hookups=false&has_parking=false&has_pool=false&has_short_term_lease=false&include_pending_homes=false&isRentals=false&is_furnished=false&is_income_restricted=false&is_senior_living=false&market=louisiana&num_homes=350&ord=redfin-recommended-asc&page_number=1&pool=false&region_id=14233&region_type=6&sf=1,2,3,5,6,7&status=9&travel_with_traffic=false&travel_within_region=false&uipt=1,2,3,4,5,6,7,8&utilities_included=false&v=8"
new_york,"https://www.redfin.com/stingray/api/gis-csv?al=3&has_att_fiber=false&has_deal=false&has_dishwasher=false&has_laundry_facility=false&has_laundry_hookups=false&has_parking=false&has_pool=false&has_short_term_lease=false&include_pending_homes=false&isRentals=false&is_furnished=false&is_income_restricted=false&is_senior_living=false&market=newyork&num_homes=350&ord=redfin-recommended-asc&page_number=1&pool=false&region_id=30749&region_type=6&sf=1,2,3,5,6,7&status=9&travel_with_traffic=false&travel_within_region=false&uipt=1,2,3,4,5,6,7,8&utilities_included=false&v=8"
newton,"https://www.redfin.com/stingray/api/gis-csv?al=3&has_att_fiber=false&has_deal=false&has_dishwasher=false&has_laundry_facility=false&has_laundry_hookups=false&has_parking=false&has_pool=false&has_short_term_lease=false&include_pending_homes=false&isRentals=false&is_furnished=false&is_income_restricted=false&is_senior_living=false&market=boston&num_homes=350&ord=redfin-recommended-asc&page_number=1&pool=false&region_id=11619&region_type=6&sf=1,2,3,5,6,7&status=9&travel_with_traffic=false&travel_within_region=false&uipt=1,2,3,4,5,6,7,8&utilities_included=false&v=8"
oakland,"https://www.redfin.com/stingray/api/gis-csv?al=3&has_att_fiber=false&has_deal=false&has_dishwasher=false&has_laundry_facility=false&has_laundry_hookups=false&has_parking=false&has_pool=false&has_short_term_lease=false&include_pending_homes=false&isRentals=false&is_furnished=false&is_income_restricted=false&is_senior_living=false&market=sanfrancisco&num_homes=350&ord=redfin-recommended-asc&page_number=1&pool=false&region_id=13654&region_type=6&sf=1,2,3,5,6,7&status=9&travel_with_traffic=false&travel_within_region=false&uipt=1,2,3,4,5,6,7,8&utilities_included=false&v=8"
oklahoma_city,"https://www.redfin.com/stingray/api/gis-csv?al=3&has_att_fiber=false&has_deal=false&has_dishwasher=false&has_laundry_facility=false&has_laundry_hookups=false&has_parking=false&has_pool=false&has_short_term_lease=false&include_pending_homes=false&isRentals=false&is_furnished=false&is_income_restricted=false&is_senior_living=false&market=oklahoma&num_homes=350&ord=redfin-recommended-asc&page_number=1&pool=false&region_id=14237&region_type=6&sf=1,2,3,5,6,7&status=9&travel_with_traffic=false&travel_within_region=false&uipt=1,2,3,4,5,6,7,8&utilities_included=false&v=8"
omaha,"https://www.redfin.com/stingray/api/gis-csv?al=3&has_att_fiber=false&has_deal=false&has_dishwasher=false&has_laundry_facility=false&has_laundry_hookups=false&has_parking=false&has_pool=false&has_short_term_lease=false&include_pending_homes=false&isRentals=false&is_furnished=false&is_income_restricted=false&is_senior_living=false&market=omaha&num_homes=350&ord=redfin-recommended-asc&page_number=1&pool=false&region_id=9417&region_type=6&sf=1,2,3,5,6,7&status=9&travel_with_traffic=false&travel_within_region=false&uipt=1,2,3,4,5,6,7,8&utilities_included=false&v=8"
orland_park,"https://www.redfin.com/stingray/api/gis-csv?al=3&has_att_fiber=false&has_deal=false&has_dishwasher=false&has_laundry_facility=false&has_laundry_hookups=false&has_parking=false&has_pool=false&has_short_term_lease=false&include_pending_homes=false&isRentals=false&is_furnished=false&is_income_restricted=false&is_senior_living=false&market=chicago&num_homes=350&ord=redfin-recommended-asc&page_number=1&pool=false&region_id=29503&region_type=6&sf=1,2,5,6,7&status=9&travel_with_traffic=false&travel_within_region=false&uipt=1,2,3,4,5,6,7,8&utilities_included=false&v=8"
orlando,"https://www.redfin.com/stingray/api/gis-csv?al=3&has_att_fiber=false&has_deal=false&has_dishwasher=false&has_laundry_facility=false&has_laundry_hookups=false&has_parking=false&has_pool=false&has_short_term_lease=false&include_pending_homes=false&isRentals=false&is_furnished=false&is_income_restricted=false&is_senior_living=false&market=centralflorida&num_homes=350&ord=redfin-recommended-asc&page_number=1&pool=false&region_id=13655&region_type=6&sf=1,2,5,6,7&status=9&travel_with_traffic=false&travel_within_region=false&uipt=1,2,3,4,5,6,7,8&utilities_included=false&v=8"
palm_springs,"https://www.redfin.com/stingray/api/gis-csv?al=3&has_att_fiber=false&has_deal=false&has_dishwasher=false&has_laundry_facility=false&has_laundry_hookups=false&has_parking=false&has_pool=false&has_short_term_lease=false&include_pending_homes=false&isRentals=false&is_furnished=false&is_income_restricted=false&is_senior_living=false&market=socal&num_homes=350&ord=redfin-recommended-asc&page_number=1&pool=false&region_id=14315&region_type=6&sf=1,2,3,5,6,7&status=9&travel_with_traffic=false&travel_within_region=false&uipt=1,2,3,4,5,6,7,8&utilities_included=false&v=8"
phoenix,"https://www.redfin.com/stingray/api/gis-csv?al=3&has_att_fiber=false&has_deal=false&has_dishwasher=false&has_laundry_facility=false&has_laundry_hookups=false&has_parking=false&has_pool=false&has_short_term_lease=false&include_pending_homes=false&isRentals=false&is_furnished=false&is_income_restricted=false&is_senior_living=false&market=phoenix&num_homes=350&ord=redfin-recommended-asc&page_number=1&pool=false&region_id=14240&region_type=6&sf=1,2,3,5,6,7&status=9&travel_with_traffic=false&travel_within_region=false&uipt=1,2,3,4,5,6,7,8&utilities_included=false&v=8"
pittsburgh,"https://www.redfin.com/stingray/api/gis-csv?al=3&has_att_fiber=false&has_deal=false&has_dishwasher=false&has_laundry_facility=false&has_laundry_hookups=false&has_parking=false&has_pool=false&has_short_term_lease=false&include_pending_homes=false&isRentals=false&is_furnished=false&is_income_restricted=false&is_senior_living=false&market=pittsburgh&num_homes=350&ord=redfin-recommended-asc&page_number=1&pool=false&region_id=15702&region_type=6&sf=1,2,3,5,6,7&status=9&travel_with_traffic=false&travel_within_region=false&uipt=1,2,3,4,5,6,7,8&utilities_included=false&v=8"
plainfield,"https://www.redfin.com/stingray/api/gis-csv?al=3&has_att_fiber=false&has_deal=false&has_dishwasher=false&has_laundry_facility=false&has_laundry_hookups=false&has_parking=false&has_pool=false&has_short_term_lease=false&include_pending_homes=false&isRentals=false&is_furnished=false&is_income_restricted=false&is_senior_living=false&market=chicago&num_homes=350&ord=redfin-recommended-asc&page_number=1&pool=false&region_id=29505&region_type=6&sf=1,2,5,6,7&status=9&travel_with_traffic=false&travel_within_region=false&uipt=1,2,3,4,5,6,7,8&utilities_included=false&v=8"
plano,"https://www.redfin.com/stingray/api/gis-csv?al=3&has_att_fiber=false&has_deal=false&has_dishwasher=false&has_laundry_facility=false&has_laundry_hookups=false&has_parking=false&has_pool=false&has_short_term_lease=false&include_pending_homes=false&isRentals=false&is_furnished=false&is_income_restricted=false&is_senior_living=false&market=dallas&num_homes=350&ord=redfin-recommended-asc&page_number=1&pool=false&region_id=30868&region_type=6&sf=1,2,3,5,6,7&status=9&travel_with_traffic=false&travel_within_region=false&uipt=1,2,3,4,5,6,7,8&utilities_included=false&v=8"
portland,"https://www.redfin.com/stingray/api/gis-csv?al=3&has_att_fiber=false&has_deal=false&has_dishwasher=false&has_laundry_facility=false&has_laundry_hookups=false&has_parking=false&has_pool=false&has_short_term_lease=false&include_pending_homes=false&isRentals=false&is_furnished=false&is_income_restricted=false&is_senior_living=false&market=oregon&num_homes=350&ord=redfin-recommended-asc&page_number=1&pool=false&region_id=30772&region_type=6&sf=1,2,3,5,6,7&status=9&travel_with_traffic=false&travel_within_region=false&uipt=1,2,3,4,5,6,7,8&utilities_included=false&v=8"
portland,"https://www.redfin.com/stingray/api/gis-csv?al=3&has_att_fiber=false&has_deal=false&has_dishwasher=false&has_laundry_facility=false&has_laundry_hookups=false&has_parking=false&has_pool=false&has_short_term_lease=false&include_pending_homes=false&isRentals=false&is_furnished=false&is_income_restricted=false&is_senior_living=false&market=northernnewengland&num_homes=350&ord=redfin-recommended-asc&page_number=1&pool=false&region_id=15614&region_type=6&sf=1,2,3,5,6,7&status=9&travel_with_traffic=false&travel_within_region=false&uipt=1,2,3,4,5,6,7,8&utilities_included=false&v=8"
providence,"https://www.redfin.com/stingray/api/gis-csv?al=3&has_att_fiber=false&has_deal=false&has_dishwasher=false&has_laundry_facility=false&has_laundry_hookups=false&has_parking=false&has_pool=false&has_short_term_lease=false&include_pending_homes=false&isRentals=false&is_furnished=false&is_income_restricted=false&is_senior_living=false&market=rhodeisland&num_homes=350&ord=redfin-recommended-asc&page_number=1&pool=false&region_id=15272&region_type=6&sf=1,2,3,5,6,7&status=1&travel_with_traffic=false&travel_within_region=false&uipt=1,2,3,4,5,6,7,8&utilities_included=false&v=8"
quincy,"https://www.redfin.com/stingray/api/gis-csv?al=3&has_att_fiber=false&has_deal=false&has_dishwasher=false&has_laundry_facility=false&has_laundry_hookups=false&has_parking=false&has_pool=false&has_short_term_lease=false&include_pending_homes=false&isRentals=false&is_furnished=false&is_income_restricted=false&is_senior_living=false&market=boston&num_homes=350&ord=redfin-recommended-asc&page_number=1&pool=false&region_id=14424&region_type=6&sf=1,2,3,5,6,7&status=9&travel_with_traffic=false&travel_within_region=false&uipt=1,2,3,4,5,6,7,8&utilities_included=false&v=8"
raleigh,"https://www.redfin.com/stingray/api/gis-csv?al=3&has_att_fiber=false&has_deal=false&has_dishwasher=false&has_laundry_facility=false&has_laundry_hookups=false&has_parking=false&has_pool=false&has_short_term_lease=false&include_pending_homes=false&isRentals=false&is_furnished=false&is_income_restricted=false&is_senior_living=false&market=north-carolina&num_homes=350&ord=redfin-recommended-asc&page_number=1&pool=false&region_id=35711&region_type=6&sf=1,2,5,6,7&status=9&travel_with_traffic=false&travel_within_region=false&uipt=1,2,3,4,5,6,7,8&utilities_included=false&v=8"
rancho_cucamonga,"https://www.redfin.com/stingray/api/gis-csv?al=3&has_att_fiber=false&has_deal=false&has_dishwasher=false&has_laundry_facility=false&has_laundry_hookups=false&has_parking=false&has_pool=false&has_short_term_lease=false&include_pending_homes=false&isRentals=false&is_furnished=false&is_income_restricted=false&is_senior_living=false&market=socal&num_homes=350&ord=redfin-recommended-asc&page_number=1&pool=false&region_id=15390&region_type=6&sf=1,2,3,5,6,7&status=9&travel_with_traffic=false&travel_within_region=false&uipt=1,2,3,4,5,6,7,8&utilities_included=false&v=8"
richmond,"https://www.redfin.com/stingray/api/gis-csv?al=3&has_att_fiber=false&has_deal=false&has_dishwasher=false&has_laundry_facility=false&has_laundry_hookups=false&has_parking=false&has_pool=false&has_short_term_lease=false&include_pending_homes=false&isRentals=false&is_furnished=false&is_income_restricted=false&is_senior_living=false&market=richmond&num_homes=350&ord=redfin-recommended-asc&page_number=1&pool=false&region_id=17149&region_type=6&sf=1,2,3,5,6,7&status=9&travel_with_traffic=false&travel_within_region=false&uipt=1,2,3,4,5,6,7,8&utilities_included=false&v=8"
riverside,"https://www.redfin.com/stingray/api/gis-csv?al=3&has_att_fiber=false&has_deal=false&has_dishwasher=false&has_laundry_facility=false&has_laundry_hookups=false&has_parking=false&has_pool=false&has_short_term_lease=false&include_pending_homes=false&isRentals=false&is_furnished=false&is_income_restricted=false&is_senior_living=false&market=socal&num_homes=350&ord=redfin-recommended-asc&page_number=1&pool=false&region_id=15935&region_type=6&sf=1,2,3,5,6,7&status=9&travel_with_traffic=false&travel_within_region=false&uipt=1,2,3,4,5,6,7,8&utilities_included=false&v=8"
rochester,"https://www.redfin.com/stingray/api/gis-csv?al=3&has_att_fiber=false&has_deal=false&has_dishwasher=false&has_laundry_facility=false&has_laundry_hookups=false&has_parking=false&has_pool=false&has_short_term_lease=false&include_pending_homes=false&isRentals=false&is_furnished=false&is_income_restricted=false&is_senior_living=false&market=westernnewyork&num_homes=350&ord=redfin-recommended-asc&page_number=1&pool=false&region_id=16162&region_type=6&sf=1,2,3,5,6,7&status=9&travel_with_traffic=false&travel_within_region=false&uipt=1,2,3,4,5,6,7,8&utilities_included=false&v=8"
salem,"https://www.redfin.com/stingray/api/gis-csv?al=3&has_att_fiber=false&has_deal=false&has_dishwasher=false&has_laundry_facility=false&has_laundry_hookups=false&has_parking=false&has_pool=false&has_short_term_lease=false&include_pending_homes=false&isRentals=false&is_furnished=false&is_income_restricted=false&is_senior_living=false&market=oregon&num_homes=350&ord=redfin-recommended-asc&page_number=1&pool=false&region_id=30778&region_type=6&sf=1,2,3,5,6,7&status=9&travel_with_traffic=false&travel_within_region=false&uipt=1,2,3,4,5,6,7,8&utilities_included=false&v=8"
salt_lake_city,"https://www.redfin.com/stingray/api/gis-csv?al=3&has_att_fiber=false&has_deal=false&has_dishwasher=false&has_laundry_facility=false&has_laundry_hookups=false&has_parking=false&has_pool=false&has_short_term_lease=false&include_pending_homes=false&isRentals=false&is_furnished=false&is_income_restricted=false&is_senior_living=false&market=utah&num_homes=350&ord=redfin-recommended-asc&page_number=1&pool=false&region_id=17150&region_type=6&sf=1,2,5,6,7&status=9&travel_with_traffic=false&travel_within_region=false&uipt=1,2,3,4,5,6,7,8&utilities_included=false&v=8"
san_antonio,"https://www.redfin.com/stingray/api/gis-csv?al=3&has_att_fiber=false&has_deal=false&has_dishwasher=false&has_laundry_facility=false&has_laundry_hookups=false&has_parking=false&has_pool=false&has_short_term_lease=false&include_pending_homes=false&isRentals=false&is_furnished=false&is_income_restricted=false&is_senior_living=false&market=sanantonio&num_homes=350&ord=redfin-recommended-asc&page_number=1&pool=false&region_id=16657&region_type=6&sf=1,2,3,5,6,7&status=9&travel_with_traffic=false&travel_within_region=false&uipt=1,2,3,4,5,6,7,8&utilities_included=false&v=8"
san_diego,"https://www.redfin.com/stingray/api/gis-csv?al=3&has_att_fiber=false&has_deal=false&has_dishwasher=false&has_laundry_facility=false&has_laundry_hookups=false&has_parking=false&has_pool=false&has_short_term_lease=false&include_pending_homes=false&isRentals=false&is_furnished=false&is_income_restricted=false&is_senior_living=false&market=socal&num_homes=350&ord=redfin-recommended-asc&page_number=1&pool=false&region_id=16904&region_type=6&sf=1,2,3,5,6,7&status=9&travel_with_traffic=false&travel_within_region=false&uipt=1,2,3,4,5,6,7,8&utilities_included=false&v=8"
san_francisco,"https://www.redfin.com/stingray/api/gis-csv?al=3&has_att_fiber=false&has_deal=false&has_dishwasher=false&has_laundry_facility=false&has_laundry_hookups=false&has_parking=false&has_pool=false&has_short_term_lease=false&include_pending_homes=false&isRentals=false&is_furnished=false&is_income_restricted=false&is_senior_living=false&market=sanfrancisco&num_homes=350&ord=redfin-recommended-asc&page_number=1&pool=false&region_id=17151&region_type=6&sf=1,2,3,5,6,7&status=9&travel_with_traffic=false&travel_within_region=false&uipt=1,2,3,4,5,6,7,8&utilities_included=false&v=8"
san_jose,"https://www.redfin.com/stingray/api/gis-csv?al=3&has_att_fiber=false&has_deal=false&has_dishwasher=false&has_laundry_facility=false&has_laundry_hookups=false&has_parking=false&has_pool=false&has_short_term_lease=false&include_pending_homes=false&isRentals=false&is_furnished=false&is_income_restricted=false&is_senior_living=false&market=sanfrancisco&num_homes=350&ord=redfin-recommended-asc&page_number=1&pool=false&region_id=17420&region_type=6&sf=1,2,3,5,6,7&status=9&travel_with_traffic=false&travel_within_region=false&uipt=1,2,3,4,5,6,7,8&utilities_included=false&v=8"
san_luis_obispo,"https://www.redfin.com/stingray/api/gis-csv?al=3&has_att_fiber=false&has_deal=false&has_dishwasher=false&has_laundry_facility=false&has_laundry_hookups=false&has_parking=false&has_pool=false&has_short_term_lease=false&include_pending_homes=false&isRentals=false&is_furnished=false&is_income_restricted=false&is_senior_living=false&market=socal&num_homes=350&ord=redfin-recommended-asc&page_number=1&pool=false&region_id=17464&region_type=6&sf=1,2,3,5,6,7&status=9&travel_with_traffic=false&travel_within_region=false&uipt=1,2,3,4,5,6,7,8&utilities_included=false&v=8"
santa_clarita,"https://www.redfin.com/stingray/api/gis-csv?al=3&has_att_fiber=false&has_deal=false&has_dishwasher=false&has_laundry_facility=false&has_laundry_hookups=false&has_parking=false&has_pool=false&has_short_term_lease=false&include_pending_homes=false&isRentals=false&is_furnished=false&is_income_restricted=false&is_senior_living=false&market=socal&num_homes=350&ord=redfin-recommended-asc&page_number=1&pool=false&region_id=17676&region_type=6&sf=1,2,3,5,6,7&status=9&travel_with_traffic=false&travel_within_region=false&uipt=1,2,3,4,5,6,7,8&utilities_included=false&v=8"
santa_fe,"https://www.redfin.com/stingray/api/gis-csv?al=3&has_att_fiber=false&has_deal=false&has_dishwasher=false&has_laundry_facility=false&has_laundry_hookups=false&has_parking=false&has_pool=false&has_short_term_lease=false&include_pending_homes=false&isRentals=false&is_furnished=false&is_income_restricted=false&is_senior_living=false&market=newmexico&num_homes=350&ord=redfin-recommended-asc&page_number=1&pool=false&region_id=18007&region_type=6&sf=1,2,3,5,6,7&status=9&travel_with_traffic=false&travel_within_region=false&uipt=1,2,3,4,5,6,7,8&utilities_included=false&v=8"
sarasota,"https://www.redfin.com/stingray/api/gis-csv?al=3&has_att_fiber=false&has_deal=false&has_dishwasher=false&has_laundry_facility=false&has_laundry_hookups=false&has_parking=false&has_pool=false&has_short_term_lease=false&include_pending_homes=false&isRentals=false&is_furnished=false&is_income_restricted=false&is_senior_living=false&market=centralflorida&num_homes=350&ord=redfin-recommended-asc&page_number=1&pool=false&region_id=16463&region_type=6&sf=1,2,5,6,7&status=9&travel_with_traffic=false&travel_within_region=false&uipt=1,2,3,4,5,6,7,8&utilities_included=false&v=8"
savannah,"https://www.redfin.com/stingray/api/gis-csv?al=3&has_att_fiber=false&has_deal=false&has_dishwasher=false&has_laundry_facility=false&has_laundry_hookups=false&has_parking=false&has_pool=false&has_short_term_lease=false&include_pending_homes=false&isRentals=false&is_furnished=false&is_income_restricted=false&is_senior_living=false&market=savannah&num_homes=350&ord=redfin-recommended-asc&page_number=1&pool=false&region_id=17651&region_type=6&sf=1,2,3,5,6,7&status=9&travel_with_traffic=false&travel_within_region=false&uipt=1,2,3,4,5,6,7,8&utilities_included=false&v=8"
schaumburg,"https://www.redfin.com/stingray/api/gis-csv?al=3&has_att_fiber=false&has_deal=false&has_dishwasher=false&has_laundry_facility=false&has_laundry_hookups=false&has_parking=false&has_pool=false&has_short_term_lease=false&include_pending_homes=false&isRentals=false&is_furnished=false&is_income_restricted=false&is_senior_living=false&market=chicago&num_homes=350&ord=redfin-recommended-asc&page_number=1&pool=false&region_id=29511&region_type=6&sf=1,2,5,6,7&status=9&travel_with_traffic=false&travel_within_region=false&uipt=1,2,3,4,5,6,7,8&utilities_included=false&v=8"
scottsdale,"https://www.redfin.com/stingray/api/gis-csv?al=3&has_att_fiber=false&has_deal=false&has_dishwasher=false&has_laundry_facility=false&has_laundry_hookups=false&has_parking=false&has_pool=false&has_short_term_lease=false&include_pending_homes=false&isRentals=false&is_furnished=false&is_income_restricted=false&is_senior_living=false&market=phoenix&num_homes=350&ord=redfin-recommended-asc&page_number=1&pool=false&region_id=16660&region_type=6&sf=1,2,3,5,6,7&status=9&travel_with_traffic=false&travel_within_region=false&uipt=1,2,3,4,5,6,7,8&utilities_included=false&v=8"
seattle,"https://www.redfin.com/stingray/api/gis-csv?al=3&has_att_fiber=false&has_deal=false&has_dishwasher=false&has_laundry_facility=false&has_laundry_hookups=false&has_parking=false&has_pool=false&has_short_term_lease=false&include_pending_homes=false&isRentals=false&is_furnished=false&is_income_restricted=false&is_senior_living=false&market=seattle&num_homes=350&ord=redfin-recommended-asc&page_number=1&pool=false&region_id=16163&region_type=6&sf=1,2,3,5,6,7&status=1&travel_with_traffic=false&travel_within_region=false&uipt=1,2,3,4,5,6,7,8&utilities_included=false&v=8"
silver_spring,"https://www.redfin.com/stingray/api/gis-csv?al=3&has_att_fiber=false&has_deal=false&has_dishwasher=false&has_laundry_facility=false&has_laundry_hookups=false&has_parking=false&has_pool=false&has_short_term_lease=false&include_pending_homes=false&isRentals=false&is_furnished=false&is_income_restricted=false&is_senior_living=false&market=dc&num_homes=350&ord=redfin-recommended-asc&page_number=1&pool=false&region_id=26038&region_type=6&sf=1,2,3,5,6,7&status=9&travel_with_traffic=false&travel_within_region=false&uipt=1,2,3,4,5,6,7,8&utilities_included=false&v=8"
sioux_falls,"https://www.redfin.com/stingray/api/gis-csv?al=3&has_att_fiber=false&has_deal=false&has_dishwasher=false&has_laundry_facility=false&has_laundry_hookups=false&has_parking=false&has_pool=false&has_short_term_lease=false&include_pending_homes=false&isRentals=false&is_furnished=false&is_income_restricted=false&is_senior_living=false&market=southdakota&num_homes=350&ord=redfin-recommended-asc&page_number=1&pool=false&region_id=15282&region_type=6&sf=1,2,3,5,6,7&status=9&travel_with_traffic=false&travel_within_region=false&uipt=1,2,3,4,5,6,7,8&utilities_included=false&v=8"
st_louis,"https://www.redfin.com/stingray/api/gis-csv?al=3&has_att_fiber=false&has_deal=false&has_dishwasher=false&has_laundry_facility=false&has_laundry_hookups=false&has_parking=false&has_pool=false&has_short_term_lease=false&include_pending_homes=false&isRentals=false&is_furnished=false&is_income_restricted=false&is_senior_living=false&market=stlouis&num_homes=350&ord=redfin-recommended-asc&page_number=1&pool=false&region_id=16661&region_type=6&sf=1,2,3,5,6,7&status=9&travel_with_traffic=false&travel_within_region=false&uipt=1,2,3,4,5,6,7,8&utilities_included=false&v=8"
stamford,"https://www.redfin.com/stingray/api/gis-csv?al=3&has_att_fiber=false&has_deal=false&has_dishwasher=false&has_laundry_facility=false&has_laundry_hookups=false&has_parking=false&has_pool=false&has_short_term_lease=false&include_pending_homes=false&isRentals=false&is_furnished=false&is_income_restricted=false&is_senior_living=false&market=connecticut&num_homes=350&ord=redfin-recommended-asc&page_number=1&pool=false&region_id=18605&region_type=6&sf=1,2,3,5,6,7&status=9&travel_with_traffic=false&travel_within_region=false&uipt=1,2,3,4,5,6,7,8&utilities_included=false&v=8"
tacoma,"https://www.redfin.com/stingray/api/gis-csv?al=3&has_att_fiber=false&has_deal=false&has_dishwasher=false&has_laundry_facility=false&has_laundry_hookups=false&has_parking=false&has_pool=false&has_short_term_lease=false&include_pending_homes=false&isRentals=false&is_furnished=false&is_income_restricted=false&is_senior_living=false&market=seattle&num_homes=350&ord=redfin-recommended-asc&page_number=1&pool=false&region_id=17887&region_type=6&sf=1,2,3,5,6,7&status=1&travel_with_traffic=false&travel_within_region=false&uipt=1,2,3,4,5,6,7,8&utilities_included=false&v=8"
tampa,"https://www.redfin.com/stingray/api/gis-csv?al=3&has_att_fiber=false&has_deal=false&has_dishwasher=false&has_laundry_facility=false&has_laundry_hookups=false&has_parking=false&has_pool=false&has_short_term_lease=false&include_pending_homes=false&isRentals=false&is_furnished=false&is_income_restricted=false&is_senior_living=false&market=centralflorida&num_homes=350&ord=redfin-recommended-asc&page_number=1&pool=false&region_id=18142&region_type=6&sf=1,2,5,6,7&status=9&travel_with_traffic=false&travel_within_region=false&uipt=1,2,3,4,5,6,7,8&utilities_included=false&v=8"
temecula,"https://www.redfin.com/stingray/api/gis-csv?al=3&has_att_fiber=false&has_deal=false&has_dishwasher=false&has_laundry_facility=false&has_laundry_hookups=false&has_parking=false&has_pool=false&has_short_term_lease=false&include_pending_homes=false&isRentals=false&is_furnished=false&is_income_restricted=false&is_senior_living=false&market=socal&num_homes=350&ord=redfin-recommended-asc&page_number=1&pool=false&region_id=19701&region_type=6&sf=1,2,3,5,6,7&status=9&travel_with_traffic=false&travel_within_region=false&uipt=1,2,3,4,5,6,7,8&utilities_included=false&v=8"
tulsa,"https://www.redfin.com/stingray/api/gis-csv?al=3&has_att_fiber=false&has_deal=false&has_dishwasher=false&has_laundry_facility=false&has_laundry_hookups=false&has_parking=false&has_pool=false&has_short_term_lease=false&include_pending_homes=false&isRentals=false&is_furnished=false&is_income_restricted=false&is_senior_living=false&market=oklahoma&num_homes=350&ord=redfin-recommended-asc&page_number=1&pool=false&region_id=35765&region_type=6&sf=1,2,3,5,6,7&status=9&travel_with_traffic=false&travel_within_region=false&uipt=1,2,3,4,5,6,7,8&utilities_included=false&v=8"
"washington,_dc","https://www.redfin.com/stingray/api/gis-csv?al=3&has_att_fiber=false&has_deal=false&has_dishwasher=false&has_laundry_facility=false&has_laundry_hookups=false&has_parking=false&has_pool=false&has_short_term_lease=false&include_pending_homes=false&isRentals=false&is_furnished=false&is_income_restricted=false&is_senior_living=false&market=dc&num_homes=350&ord=redfin-recommended-asc&page_number=1&pool=false&region_id=12839&region_type=6&sf=1,2,3,5,6,7&status=9&travel_with_traffic=false&travel_within_region=false&uipt=1,2,3,4,5,6,7,8&utilities_included=false&v=8"
west_palm_beach,"https://www.redfin.com/stingray/api/gis-csv?al=3&has_att_fiber=false&has_deal=false&has_dishwasher=false&has_laundry_facility=false&has_laundry_hookups=false&has_parking=false&has_pool=false&has_short_term_lease=false&include_pending_homes=false&isRentals=false&is_furnished=false&is_income_restricted=false&is_senior_living=false&market=florida&num_homes=350&ord=redfin-recommended-asc&page_number=1&pool=false&region_id=19373&region_type=6&sf=1,2,3,5,6,7&status=9&travel_with_traffic=false&travel_within_region=false&uipt=1,2,3,4,5,6,7,8&utilities_included=false&v=8"
woodbridge,"https://www.redfin.com/stingray/api/gis-csv?al=3&has_att_fiber=false&has_deal=false&has_dishwasher=false&has_laundry_facility=false&has_laundry_hookups=false&has_parking=false&has_pool=false&has_short_term_lease=false&include_pending_homes=false&isRentals=false&is_furnished=false&is_income_restricted=false&is_senior_living=false&market=dc&num_homes=350&ord=redfin-recommended-asc&page_number=1&pool=false&region_id=26845&region_type=6&sf=1,2,3,5,6,7&status=9&travel_with_traffic=false&travel_within_region=false&uipt=1,2,3,4,5,6,7,8&utilities_included=false&v=8"
worcester,"https://www.redfin.com/stingray/api/gis-csv?al=3&has_att_fiber=false&has_deal=false&has_dishwasher=false&has_laundry_facility=false&has_laundry_hookups=false&has_parking=false&has_pool=false&has_short_term_lease=false&include_pending_homes=false&isRentals=false&is_furnished=false&is_income_restricted=false&is_senior_living=false&market=boston&num_homes=350&ord=redfin-recommended-asc&page_number=1&pool=false&region_id=20420&region_type=6&sf=1,2,3,5,6,7&status=9&travel_with_traffic=false&travel_within_region=false&uipt=1,2,3,4,5,6,7,8&utilities_included=false&v=8"
